od600_nm,vessel_id,530nm_uE,660nm_uE,535nm_signal,gain,535nm_per_od,fold-change
0.134399995207787,1,0,300,43438,142 (optimized),323199.416286015,1
0.141399994492531,2,25,0,40714,142 (optimized),287934.94756572,0.890889441801814
0.137099996209145,3,50,0,38793,142 (optimized),282954.055963806,0.875478239457605
0.138600006699562,4,75,0,32264,142 (optimized),232784.981532775,0.720251862481002
0.143099993467331,5,100,0,32884,142 (optimized),229797.355004822,0.711007951825826
0.138400003314018,6,150,0,25639,142 (optimized),185252.88573749,0.57318446879109
0.141299992799759,7,200,0,22332,142 (optimized),158046.717183117,0.489006815047134
0.129999995231628,8,0,0,33205,142 (optimized),255423.086291941,0.790295629946016