vessel,530nm_uE,660nm_uE,growth_rate_hr,od_680nm_init
1,0,300,0.312823082708624,0.09506370368619586
2,25,0,0.2569443611999581,0.11723354256993335
3,50,0,0.2524487128816332,0.11710485300877874
4,75,0,0.26419297909032946,0.10517141163985728
5,100,0,0.283551308587373,0.09311260507491086
6,150,0,0.2546530460693348,0.11196525175901155
7,200,0,0.2973159579081023,0.09834720184244206
8,0,0,0.2854253126166615,0.08387370657082735
